country_or_area,iso_code,data_source_category,reference_date_dd_mm_yyyy,average_household_size_number_of_members,x1_member,x2_3_members,x4_5_members,x6_or_more_members,female_head_of_household_percentage_of_households,under_20_years_aged_0_19_11,aged_20_64_years,aged_60_years_or_over_13,aged_65_years_or_over_14,under_15_years_aged_0_14,under_18_years_aged_0_17,under_20_years_aged_0_19_17,aged_60_years_or_over_18,aged_65_years_or_over_19,under_15_years_and_60_years_or_over,under_15_years_and_65_years_or_over,under_18_years_and_60_years_or_over,under_18_years_and_65_years_or_over,under_20_years_and_60_years_or_over,under_20_years_and_65_years_or_over,under_age_15_years_among_all_households,under_age_15_years_among_households_with_at_least_one_member_under_age_15_years,under_age_20_years_among_all_households,under_age_20_years_among_households_with_at_least_one_member_under_age_20_years,ages_20_64_years_among_all_households,one_person,couple_only,couple_with_children,single_parent_with_children,single_mother_with_children,single_father_with_children,extended_family,non_relatives,unknown,nuclear,multi_generation,three_generation,skip_generation,x44,x45
Brunei Darussalam,96,DYB,40550,..,7.22,19.82,28.98,43.98,14.56,7.0000000000000007E-2,88.66,18.190000000000001,11.27,..,..,..,..,..,..,..,..,..,..,..,..,..,..,..,..,7.22,..,..,..,..,..,..,..,..,..,..,..,..,NA,NA
Cambodia,116,IPUMS,35802,5.17,2.57,22.52,33.89,41.02,25.65,1.1299999999999999,91.2,13.05,7.68,83.24,87.65,90.07,22.12,15.2,15.08,10.43,16.68,11.37,17.559999999999999,11.89,2.2400000000000002,2.7,2.84,3.15,2.15,2.57,3.8,49.99,12.17,10.83,1.34,29.83,1.62,0,65.97,25.31,12.54,1.65,NA,NA
Cambodia,116,DHS,16/04/2000,5.37,1.87,18.059999999999999,35.590000000000003,44.48,25.41,0.21,89.86,16.440000000000001,9.94,84.49,88.77,91.13,24.35,16.41,16.37,11.12,18.079999999999998,12.02,19.2,12.64,2.2599999999999998,2.68,2.91,3.2,2.2599999999999998,1.87,2.2999999999999998,53.66,9.32,8.36,0.97,31.38,1.36,0.12,65.28,36.79,19.64,1.77,NA,NA
Cambodia,116,IPUMS,37993,4.88,2.72,25.13,36.590000000000003,35.56,29.22,1.1299999999999999,90.29,14.42,8.58,79.680000000000007,85.34,88.11,23.27,16.09,14.59,10.23,16.5,11.37,17.43,11.89,1.88,2.36,2.4500000000000002,2.78,2.2400000000000002,2.72,4.16,49.9,11.74,10.47,1.27,30.32,1.1499999999999999,0,65.81,36.21,17.53,2.2000000000000002,NA,NA
Cambodia,116,DHS,38545,4.96,2.95,22.1,38.56,36.39,23.52,0.24,88.41,17.850000000000001,11.35,79.680000000000007,85.07,87.94,26.64,19.100000000000001,17.03,12.21,18.940000000000001,13.39,20.14,14.19,1.87,2.34,2.44,2.77,2.2999999999999998,2.95,3.55,49.88,8.2799999999999994,7.18,1.1100000000000001,33.450000000000003,1.83,0.06,61.71,38.71,21.57,2.72,NA,NA
Cambodia,116,DYB,39454,..,..,..,..,..,25.7,1.04,89.47,15.17,9.49,..,..,..,..,..,..,..,..,..,..,..,..,..,..,..,..,..,..,..,..,..,..,..,..,..,..,..,..,..,NA,NA
Cambodia,116,IPUMS,39454,4.68,3.55,26.81,38.86,30.78,25.52,0.97,89.41,15.36,9.6199999999999992,74.709999999999994,81.260000000000005,85.03,23.61,16.71,13.77,9.89,15.57,11.04,16.760000000000002,11.72,1.6,2.14,2.15,2.5299999999999998,2.3199999999999998,3.55,4.67,50.91,10.08,8.7100000000000009,1.38,29.32,1.46,0,65.67,34.71,15.42,2.14,NA,NA
Cambodia,116,DHS,21/10/2010,4.75,2.83,24.01,42.28,30.88,27.06,0.27,88.39,18.350000000000001,11.33,75.900000000000006,82.63,86.15,27.49,19.07,17.52,12.31,19.32,13.52,20.440000000000001,14.19,1.59,2.09,2.11,2.4500000000000002,2.41,2.83,3.74,48.2,7.3,6.21,1.1000000000000001,36.39,1.52,0.01,59.24,41.92,23.54,3.23,NA,NA
Cambodia,116,IPUMS,41281,4.6399999999999997,2.71,25.43,43.12,28.74,27.08,0.59,87.93,18.739999999999998,11.48,70.239999999999995,77.069999999999993,81.64,26.92,18.579999999999998,14.15,10,15.83,11.1,17.309999999999999,11.97,1.37,1.95,1.86,2.2799999999999998,2.5499999999999998,2.71,4.6500000000000004,52.54,8.15,7.27,0.87,31.42,0.53,0,65.34,46.23,20.010000000000002,2.2000000000000002,NA,NA
Cambodia,116,DHS,41648,4.6100000000000003,3.37,25.65,43.08,27.9,26.85,0.33,86.88,20.38,12.78,75.62,80.88,83.68,29.43,20.36,18.38,12.77,19.87,13.7,20.8,14.28,1.53,2.0299999999999998,1.94,2.3199999999999998,2.42,3.37,4.84,45.13,6,4.93,1.07,39.549999999999997,1.1000000000000001,0,55.98,42.36,26.18,4.17,NA,NA
Indonesia,360,IPUMS,25940,4.84,4.67,27.42,32.31,35.6,16.239999999999998,0.63,92.08,11.92,6.48,78.67,83.08,85.49,18.03,10.65,11.03,6.3,12.24,6.99,12.77,7.28,2.16,2.74,2.62,3.06,2.1,4.67,6.9,46.94,7.7,6.45,1.25,27.36,4.08,2.35,61.54,26.13,14.33,2.23,NA,NA
Indonesia,360,IPUMS,27766,4.9000000000000004,4.67,26.89,31.82,36.630000000000003,15.16,0.76,91.45,13.53,7.74,77.55,82.39,85.22,20.12,12.34,12.04,7.13,13.4,7.84,14.03,8.23,2.09,2.69,2.61,3.06,2.15,4.67,7.08,49.73,7.03,6.07,0.96,28.69,2.8,0,63.85,28.81,15.7,2.16,NA,NA
Indonesia,360,IPUMS,29227,4.82,4.6399999999999997,27.87,32.57,34.92,14.3,0.72,91.02,14.61,8.23,76.58,81.400000000000006,84.34,22.03,13.74,13.04,7.92,14.54,8.7899999999999991,15.31,9.25,1.98,2.58,2.4700000000000002,2.93,2.19,4.6399999999999997,7.49,48.71,6.32,5.43,0.89,28.86,3.98,0,62.52,29.58,16.03,2.08,NA,NA
Indonesia,360,IPUMS,31054,4.68,4.88,28.14,34.799999999999997,32.18,13.05,0.61,90.75,15.31,8.6300000000000008,75.2,80.17,83.15,22.13,13.68,12.26,7.4,13.85,8.2799999999999994,14.71,8.75,1.84,2.4500000000000002,2.3199999999999998,2.79,2.21,4.88,7.44,52.4,5.93,4.97,0.96,26.37,2.98,0,65.77,29.13,14.91,1.91,NA,NA
Indonesia,360,IPUMS,32880,4.4800000000000004,5.42,30.22,36.1,28.26,13.37,0.84,89.91,16.22,9.25,72.12,77.75,81.319999999999993,23.61,15.01,12.38,7.71,14.1,8.7100000000000009,15.11,9.2799999999999994,1.63,2.2599999999999998,2.1,2.58,2.21,5.42,7.83,51.35,5.91,4.8899999999999997,1.02,25.79,3.7,0,65.09,29.47,14.52,1.93,NA,NA
Indonesia,360,DHS,28/06/1991,4.63,4.74,27.31,37.75,30.19,13.02,0.52,89.07,18.09,10.37,74.37,79.78,82.86,24.96,15.42,13.29,7.85,15.19,8.9700000000000006,16.149999999999999,9.49,1.68,2.25,2.17,2.61,2.29,4.74,6.98,52.43,5.24,4.28,0.96,27.33,3.26,0.02,64.650000000000006,32.200000000000003,16.28,2.06,NA,NA
Indonesia,360,DHS,15/09/1994,4.47,5.53,28.45,39.299999999999997,26.72,12.79,0.66,87.96,18.84,11.35,72.599999999999994,78.37,81.599999999999994,26.88,17.309999999999999,14.28,8.7100000000000009,16.32,10.01,17.37,10.6,1.57,2.16,2.02,2.48,2.2400000000000002,5.53,6.89,50.97,5.08,4.2,0.88,28.19,3.31,0.01,62.95,32.049999999999997,16.690000000000001,2.3199999999999998,NA,NA
Indonesia,360,IPUMS,34706,4.2300000000000004,5.7,32.47,39.25,22.59,12.96,0.72,88.67,17.37,10.61,69.64,75.709999999999994,79.19,23.71,15.52,10.82,6.89,12.51,7.9,13.5,8.4700000000000006,1.41,2.0299999999999998,1.85,2.34,2.19,5.7,8.2200000000000006,55.35,5.51,4.5599999999999996,0.95,22.69,2.54,0,69.069999999999993,29.78,13.02,1.88,NA,NA
Indonesia,360,DHS,31/10/1997,4.3099999999999996,4.83,31.71,39.979999999999997,23.49,12.23,0.43,88.32,18.2,11.17,71.53,77.78,80.69,25.54,16.73,12.97,8.2100000000000009,14.8,9.3000000000000007,15.81,9.9,1.44,2.0099999999999998,1.88,2.33,2.2200000000000002,4.83,7.94,53.08,5.0199999999999996,4.1399999999999997,0.88,26.36,2.77,0,66.040000000000006,31.32,16.2,2.2200000000000002,NA,NA
Indonesia,360,IPUMS,36532,3.94,6.68,37.24,38.5,17.579999999999998,12.21,0.9,89.04,16.37,10.06,64.650000000000006,71.06,75.19,22.35,14.88,9.19,6.03,10.78,6.99,11.79,7.58,1.2,1.86,1.61,2.14,2.15,6.68,9.86,54.6,6.34,4.79,1.55,..,..,..,70.81,..,..,..,NA,NA
Indonesia,360,MICS,36532,4.0999999999999996,5.0999999999999996,33.78,41.78,19.34,12.34,0.37,88.83,18.41,10.8,66.849999999999994,73.89,77.849999999999994,24.18,15.4,10.11,6.13,12.05,7.39,13.21,8.07,1.26,1.88,1.69,2.17,2.23,5.0999999999999996,8.5399999999999991,56.97,5.67,4.6500000000000004,1.02,22.04,1.68,0,71.180000000000007,..,..,..,NA,NA
Indonesia,360,DHS,15/01/2003,4.32,5.14,30.39,41.54,22.92,11.84,0.32,88.25,18.600000000000001,11.35,71.17,76.27,79.69,25.63,16.79,13.05,8.4,14.42,9.2200000000000006,15.41,9.77,1.36,1.91,1.77,2.2200000000000002,2.34,5.14,7.43,51.37,4.3899999999999997,3.13,1.26,29.65,2.0099999999999998,0.01,63.19,35.590000000000003,18.79,1.83,NA,NA
Indonesia,360,IPUMS,38359,3.95,6.03,35.86,41.82,16.29,12.64,0.38,88.68,17.260000000000002,10.94,64.64,70.78,74.53,22.47,15.26,8.65,5.76,10,6.6,10.9,7.15,1.1499999999999999,1.77,1.51,2.0299999999999998,2.25,6.03,9.1199999999999992,56.4,6.05,4.6900000000000004,1.35,20.78,1.62,0,71.569999999999993,32.64,11.83,1.54,NA,NA
Indonesia,360,DHS,18/09/2007,4.0999999999999996,5.87,33.979999999999997,40.590000000000003,19.559999999999999,12.86,0.4,85.82,20.05,13.78,67.760000000000005,73.03,75.98,28.12,20.32,13.68,9.6999999999999993,15.09,10.61,15.94,11.2,1.24,1.83,1.58,2.08,2.27,5.87,8.77,46.7,5.38,4.08,1.31,31.1,2.14,0.03,60.85,36.28,19.34,2.25,NA,NA
Indonesia,360,IPUMS,40185,3.85,8.26,36.89,39.5,15.35,13.82,0.73,87.47,17,11.04,64.2,69.98,73.55,23.26,16.38,9.9,6.85,11.17,7.68,11.92,8.14,1.1100000000000001,1.73,1.45,1.97,2.2000000000000002,8.26,9.06,49.9,6.06,4.62,1.44,24.57,2.16,0,65.02,31.73,14.27,1.76,NA,NA
Indonesia,360,DHS,30/06/2012,3.99,6.96,35.17,40.6,17.27,14.74,0.51,86.78,19.84,12.66,67.3,72.87,75.900000000000006,27.49,18.93,14.13,9.6300000000000008,15.5,10.49,16.14,10.82,1.18,1.75,1.51,1.98,2.2599999999999998,6.96,8.01,44.04,5.96,4.1399999999999997,1.82,32.6,2.36,0.05,58.02,36.53,20.67,2.4700000000000002,NA,NA
Indonesia,360,DHS,15/08/2017,3.86,7.1,36.619999999999997,41.5,14.78,14.81,0.33,86.13,22.17,13.53,63.59,69.849999999999994,72.77,29.75,19.91,13.94,9.23,15.57,10.19,16.41,10.7,1.07,1.68,1.38,1.9,2.2400000000000002,7.1,9.4499999999999993,45.66,5.64,4.03,1.61,30.53,1.61,0.01,60.75,37.770000000000003,20.239999999999998,2.27,NA,NA
Lao People's Dem. Republic,418,MICS,36532,5.96,0.61,13.17,33.380000000000003,52.84,9.39,0.6,88.98,15.26,9.69,88.94,92.3,93.67,26.81,18.899999999999999,21.62,15.2,22.92,16.079999999999998,23.55,16.41,2.59,2.91,3.21,3.42,2.52,0.61,2.2400000000000002,50.33,4.66,3.44,1.22,40.54,0,1.61,57.24,39.85,26.5,1.57,NA,NA
Lao People's Dem. Republic,418,IPUMS,38359,5.77,1.22,15.01,34.799999999999997,48.97,10.39,0.44,90.78,14.09,8.58,86.22,90.81,92.71,26.22,18.55,20.47,14.54,22.05,15.55,22.76,15.99,2.31,2.68,2.96,3.19,2.58,1.22,2.52,49.56,4.8899999999999997,3.89,1,..,..,..,56.97,..,..,..,NA,NA
Lao People's Dem. Republic,418,MICS,38724,5.62,0.87,15.15,37.840000000000003,46.14,10.130000000000001,0.28000000000000003,90.49,14.98,9.0299999999999994,85.12,90.15,92.05,25.61,17.64,19.82,13.74,21.5,14.8,22.13,15.16,2.2799999999999998,2.67,2.88,3.11,2.5099999999999998,0.87,2.5099999999999998,52.61,4.45,3.84,0.61,39.36,0.1,0.11,59.56,43.26,30.45,1.18,NA,NA
Lao People's Dem. Republic,418,MICS,40550,5.17,2.09,20.329999999999998,40,37.58,12.11,0.32,88.33,17.66,11.33,80.06,85.87,88.33,28.25,20.309999999999999,20.149999999999999,14.41,21.88,15.64,22.68,16.22,1.9,2.37,2.41,2.73,2.5099999999999998,2.09,3.56,46.96,4.33,3.35,0.98,42.64,0.41,0.02,54.85,44.05,31.39,1.93,NA,NA
Lao People's Dem. Republic,418,DYB,42011,5.3,2.2999999999999998,19.27,38.840000000000003,39.590000000000003,13.2,0.39,89.43,17.09,10.18,..,..,..,..,..,..,..,..,..,..,..,..,..,..,..,..,2.2999999999999998,3.58,43.65,4.78,..,..,..,..,45.69,52.01,..,..,..,NA,NA
Lao People's Dem. Republic,418,MICS,42742,4.7,3.18,24.8,42.59,29.43,13.93,0.33,88.03,19.440000000000001,11.65,74.010000000000005,79.95,82.81,28.95,19.91,18.82,12.98,20.3,13.98,21.17,14.56,1.58,2.13,2.02,2.4300000000000002,2.4500000000000002,3.18,5.57,45.31,5.0599999999999996,4,1.06,40.51,0.37,0,55.94,43.9,29.73,3.29,NA,NA
Malaysia,458,IPUMS,25575,4.76,8.64,28.49,27.18,35.68,20.13,2.2400000000000002,89.01,15.02,8.75,71.28,76.709999999999994,79.819999999999993,21.18,13.35,10.48,6.36,12.02,7.22,12.8,7.65,2.14,3,2.66,3.34,1.95,8.64,7.02,44.2,12.13,10.01,2.12,20.05,7.96,0,63.35,..,..,..,NA,NA
Malaysia,458,IPUMS,29227,5.12,8.92,21.52,29.37,40.18,18.239999999999998,1.34,88.53,16.399999999999999,10.130000000000001,72.02,76.91,79.930000000000007,24.67,16.87,15.12,10.31,16.73,11.34,17.510000000000002,11.82,2.0099999999999998,2.79,2.58,3.23,2.34,8.92,4.99,41.18,6.91,5.77,1.1399999999999999,29.79,8.2100000000000009,0,53.08,32.24,17.329999999999998,2.12,NA,NA
Malaysia,458,IPUMS,33245,4.79,7.61,24.4,33.369999999999997,34.61,18.48,1.37,88.52,16.260000000000002,10.119999999999999,67.83,72.989999999999995,76.41,23.08,15.71,12.28,8.33,13.63,9.17,14.39,9.64,1.78,2.62,2.2200000000000002,2.91,2.38,7.61,6.06,45.26,6.47,5.44,1.03,27.17,7.43,0,57.79,31.58,15.02,1.58,NA,NA
Malaysia,458,DYB,36532,4.57,7.11,25.52,37.880000000000003,29.5,13.88,0.76,89.14,16.690000000000001,10.11,..,..,..,..,..,..,..,..,..,..,..,..,..,..,..,..,7.11,7.56,54.41,3.23,..,..,..,..,27.69,65.2,..,..,..,NA,NA
Malaysia,458,IPUMS,36532,4.5599999999999996,7.14,25.64,37.86,29.36,13.74,0.77,89.15,16.600000000000001,10.08,63.48,68.989999999999995,72.52,22.2,14.76,9.93,6.66,11.15,7.42,11.91,7.84,1.55,2.44,1.99,2.75,2.39,7.14,7.2,52.57,5.25,4.17,1.08,21.84,5.99,0,65.03,31.81,12.13,1.0900000000000001,NA,NA
Myanmar,104,MICS,36532,5.07,1.68,22.67,38.4,37.25,..,..,..,..,..,72.040000000000006,78.2,81.59,31.2,21.87,16.54,11.68,18.670000000000002,13.11,20.04,13.83,1.57,2.17,2.1,2.56,2.7,..,..,..,..,..,..,..,..,..,..,..,..,..,NA,NA
Myanmar,104,IPUMS,41646,4.4000000000000004,4.6100000000000003,32.31,37.840000000000003,25.24,23.69,0.49,84.48,23.27,15.03,66.069999999999993,71.81,75.319999999999993,30.2,20.92,15.29,10.63,16.98,11.74,18.07,12.4,1.29,1.95,1.68,2.23,2.4700000000000002,4.6100000000000003,6.78,41.95,8.89,7.24,1.65,33.53,4.24,0,57.62,41.64,19.87,1.95,NA,NA
Myanmar,104,DHS,22/03/2016,4.22,5.35,33.49,39.14,22.01,22.47,0.12,81.58,27.94,18.27,63.58,68.86,71.790000000000006,34.619999999999997,23.95,17.27,11.97,18.89,12.97,19.86,13.51,1.22,1.91,1.53,2.13,2.39,5.35,7.31,40.57,8.52,6.74,1.78,36.82,1.41,0.01,56.4,45.08,23.02,2.58,NA,NA
Philippines,608,IPUMS,32880,5.21,2.91,21.25,34.42,41.43,11.42,0.54,89.65,15.58,9.81,76.55,81.92,85.07,20.66,14.15,10.6,7.15,12.14,8.07,13.14,8.6199999999999992,2.0499999999999998,2.68,2.62,3.08,2.41,2.91,5.25,58.07,5.83,4.2,1.63,23.19,4.76,0,69.150000000000006,30.55,10.66,1.71,NA,NA
Philippines,608,DHS,29/05/1993,5.33,2.77,19.95,34.42,42.87,14.03,0.24,88.03,18.39,11.62,76.83,81.92,84.63,23.83,16.16,13.27,8.81,14.74,9.76,15.66,10.28,2.09,2.72,2.65,3.13,2.4700000000000002,2.77,4.1900000000000004,53.65,5.26,3.94,1.31,28.06,6,7.0000000000000007E-2,63.09,35,16.559999999999999,2.41,NA,NA
Philippines,608,IPUMS,34706,5.07,3.44,22.69,35.33,38.54,12.2,0.68,89.23,15.84,10.08,73.959999999999994,79.84,83.14,20.350000000000001,13.9,9.99,6.72,11.51,7.65,12.42,8.16,1.95,2.63,2.5,3,2.39,3.44,5.59,57.61,6.27,4.26,2,22.21,4.88,0,69.47,30.56,10.17,1.68,NA,NA
Philippines,608,DHS,13/04/1998,5.07,4.07,21.8,35.96,38.159999999999997,14.44,0.35,87.81,18.440000000000001,11.77,73.599999999999994,79.59,82.68,24.1,16.5,12.71,8.6300000000000008,14.48,9.75,15.45,10.39,1.9,2.57,2.4300000000000002,2.93,2.4300000000000002,4.07,4.79,49.56,5.49,4.1399999999999997,1.34,28.83,7.25,0,59.85,33.880000000000003,16.329999999999998,2.36,NA,NA
Philippines,608,MICS,36167,4.97,3.57,23.19,37.17,36.08,13.36,0.55000000000000004,88.03,17.440000000000001,11.39,73.02,79.010000000000005,82.66,22.45,15.69,11.37,7.82,13.15,8.81,13.94,9.25,1.87,2.5499999999999998,2.39,2.89,2.38,3.57,5.09,53.88,5.41,3.96,1.45,26.39,5.67,0,64.37,32.78,15.07,2.44,NA,NA
Philippines,608,IPUMS,36532,4.91,4.1500000000000004,24.4,35.590000000000003,35.86,13.53,0.48,88.51,17.22,11.01,71.150000000000006,76.94,80.36,21.93,15.01,10.039999999999999,6.72,11.57,7.67,12.54,8.24,1.8,2.54,2.31,2.88,2.4,4.1500000000000004,6.19,56.4,6.13,4.22,1.91,22.74,4.38,0,68.72,32.270000000000003,10.56,1.65,NA,NA
Philippines,608,DHS,37629,4.82,4.1399999999999997,25.54,36.770000000000003,33.54,15.37,0.39,88.01,17.93,11.58,71.97,77.62,80.459999999999994,22.76,15.66,11.29,7.51,12.83,8.5399999999999991,13.66,8.98,1.78,2.48,2.27,2.82,2.35,4.1399999999999997,5.66,50.3,6.15,4.3899999999999997,1.76,27.27,6.43,0.05,62.11,32.799999999999997,14.99,2.63,NA,NA
Philippines,608,DYB,39089,4.76,5.89,26.14,34.68,33.29,..,..,..,..,..,..,..,..,..,..,..,..,..,..,..,..,..,..,..,..,..,..,..,..,..,..,..,..,..,..,..,..,..,..,NA,NA
Philippines,608,DHS,31/08/2008,4.78,5.25,25.11,36.64,32.99,16.61,0.49,86.64,19.93,12.87,70.69,76.61,79.849999999999994,25.79,17.73,12.88,8.66,14.66,9.8699999999999992,15.67,10.45,1.66,2.35,2.16,2.71,2.39,5.25,5.57,45.4,6.2,4.2699999999999996,1.93,31.32,6.24,0.02,57.17,35.82,18.45,2.54,NA,NA
Philippines,608,IPUMS,40185,4.54,6.05,28.19,36.5,29.26,15.92,0.53,87.54,18.52,11.93,67.72,73.569999999999993,77,23.19,15.78,10.39,6.83,11.84,7.75,12.75,8.2799999999999994,1.51,2.23,1.98,2.58,2.36,6.05,6.68,51.42,6.69,4.83,1.86,25.27,3.89,0,64.8,33.630000000000003,13.39,2.0699999999999998,NA,NA
Philippines,608,DHS,13/09/2013,4.74,4.97,25.59,37.36,32.08,18.89,0.34,85.55,22.31,14.1,69.760000000000005,75.86,79.040000000000006,28.02,18.57,14.67,9.32,16.309999999999999,10.41,17.12,10.92,1.58,2.2599999999999998,2.06,2.61,2.4500000000000002,4.97,5.24,44.03,6.93,4.66,2.2599999999999998,33.799999999999997,5.03,0.01,56.19,40.26,21.35,3.14,NA,NA
Philippines,608,DYB,42011,4.38,7.77,29.83,35.68,26.72,19.23,0.76,86.66,19.690000000000001,12.58,..,..,..,..,..,..,..,..,..,..,..,..,..,..,..,..,..,..,..,..,..,..,..,..,..,..,..,..,..,NA,NA
Philippines,608,DHS,17/09/2017,4.2300000000000004,9.18,30.05,36.82,23.95,20.64,0.9,83.27,23.73,15.8,62.3,68.709999999999994,72.12,29.38,20.22,13.21,8.6300000000000008,14.89,9.67,15.76,10.25,1.33,2.14,1.75,2.42,2.2200000000000002,9.18,6.55,42.23,7.93,5.49,2.4300000000000002,30.77,3.34,0,56.71,35.979999999999997,18.260000000000002,3.01,NA,NA
Singapore,702,DYB,36532,3.58,8.24,36.32,43.4,12.04,17.649999999999999,..,..,17.79,11.44,..,..,..,..,..,..,..,..,..,..,..,..,..,..,..,..,8.24,..,..,..,..,..,..,..,..,..,..,..,..,NA,NA
Singapore,702,DYB,40185,3.29,12.21,38.950000000000003,37.69,11.15,21.62,..,..,23.3,14.03,..,..,..,..,..,..,..,..,..,..,..,..,..,..,..,..,12.21,..,..,..,..,..,..,..,..,..,..,..,..,NA,NA
Singapore,702,DYB,43837,2.95,16.05,43.01,31.99,8.9600000000000009,27.57,..,..,33.130000000000003,21.53,..,..,..,..,..,..,..,..,..,..,..,..,..,..,..,..,16.05,..,..,..,..,..,..,..,..,..,..,..,..,NA,NA
Thailand,764,IPUMS,25575,5.71,3.12,18.03,28.63,50.23,14.22,0.64,90.72,14.62,8.59,82.89,87.05,89.22,22.64,14.93,15.98,10.63,17.309999999999999,11.37,18.079999999999998,11.8,2.61,3.14,3.21,3.59,2.3199999999999998,3.12,4.01,51.38,6.69,5.3,1.39,30.56,4.2300000000000004,0,62.08,30.92,14.84,0.62,NA,NA
Thailand,764,IPUMS,29227,5.13,3.84,22.07,34.33,39.76,16.63,0.85,89.69,15.38,9.4600000000000009,77.87,83.34,86.07,22.42,15.34,14.48,10.01,15.95,10.88,16.8,11.34,1.96,2.52,2.57,2.99,2.37,3.84,4.74,50.75,6.58,5.16,1.42,29.48,4.6100000000000003,0,62.07,36.29,18.48,1.02,NA,NA
Thailand,764,IPUMS,32880,4.29,5,30.72,42.09,22.19,19.38,0.55000000000000004,87.95,18.78,11.5,66.849999999999994,73.87,77.89,24.14,16.09,13.29,9,14.87,9.9499999999999993,15.9,10.51,1.25,1.88,1.7,2.1800000000000002,2.4,5,6.69,48.19,6.91,5.43,1.48,29.72,3.49,0,61.79,37.67,17.989999999999998,1.1599999999999999,NA,NA
Thailand,764,IPUMS,36532,3.69,8.6999999999999993,38.200000000000003,41.67,11.43,25.58,0.6,85.97,20.72,13.42,55.01,62.55,66.92,26.25,18.149999999999999,11.84,8.14,13.34,9.1999999999999993,14.23,9.7799999999999994,0.89,1.63,1.22,1.82,2.25,8.6999999999999993,9.3800000000000008,41.66,7.64,5.88,1.76,30.72,1.91,0,58.67,..,..,..,NA,NA
Thailand,764,MICS,38359,3.45,10.6,44.39,33.950000000000003,11.07,30,0.95,81.8,25.15,17.25,53.06,58.83,62.12,32.01,23.38,15.4,11.12,16.87,12.27,17.600000000000001,12.76,0.86,1.61,1.1000000000000001,1.77,2.0499999999999998,10.6,13.58,30.4,6.88,5.48,1.39,36.520000000000003,1.98,0.04,50.86,34.020000000000003,20.079999999999998,6.32,NA,NA
Thailand,764,DYB,40185,..,18.36,44.71,28.16,8.77,34.700000000000003,1.41,81.209999999999994,25.36,17.38,..,..,..,..,..,..,..,..,..,..,..,..,..,..,..,..,18.36,13.56,25.59,8.18,..,..,..,..,34.299999999999997,47.34,..,..,..,NA,NA
Thailand,764,MICS,40915,3.28,12.86,47.14,30.54,9.4499999999999993,35.450000000000003,0.63,78.72,30.39,20.66,47,53.91,56.84,37.36,26.73,15.46,10.74,17.71,12.54,18.45,13.12,0.71,1.51,0.94,1.65,2,12.86,14.93,25.88,6.72,5.25,1.48,38.43,1.1100000000000001,0.05,47.54,36.67,20.78,7.85,NA,NA
Thailand,764,MICS,42011,3.21,13.56,49.18,27.89,9.3699999999999992,37.299999999999997,0.59,76.92,33.1,22.47,42.15,48.14,51.52,39.799999999999997,28.68,14.59,10.14,16.510000000000002,11.58,17.399999999999999,12.27,0.63,1.49,0.84,1.63,2,13.56,16.11,24.85,7.09,5.55,1.54,36.96,1.44,0,48.04,37.700000000000003,19.46,6.68,NA,NA
Thailand,764,MICS,43472,2.84,21.59,48.62,23.39,6.41,40.01,0.59,73.84,37.299999999999997,25.57,33.85,39.090000000000003,41.71,43.83,31.57,13.29,9.25,15.26,10.81,16.07,11.41,0.5,1.47,0.65,1.55,1.78,21.59,18.649999999999999,20.09,7.1,5.37,1.74,31.84,0.72,0,45.85,34.43,16.760000000000002,6.72,NA,NA
Viet Nam,704,IPUMS,32515,4.82,4.99,24.72,36.08,34.21,32.04,0.63,86.14,20.5,13.22,77.28,82.9,85.65,27.47,19.350000000000001,15.25,10.82,17.510000000000002,12.02,18.79,12.72,1.93,2.5,2.44,2.84,2.15,4.99,3.92,..,..,..,..,..,0.34,0.4,..,34.78,17.73,1.18,NA,NA
Viet Nam,704,DHS,18/08/1997,4.72,3.89,22.16,44.08,29.87,24.58,0.15,84.24,22.56,15.61,75.95,81.37,83.7,31.73,24.03,17.579999999999998,13.63,19.63,14.88,20.83,15.48,1.65,2.17,2.13,2.5499999999999998,2.2799999999999998,3.89,3.35,55.78,7.97,6.78,1.18,28.65,0.36,0,67.099999999999994,40.22,21.39,0.84,NA,NA
Viet Nam,704,IPUMS,36167,4.51,4.3600000000000003,26.1,43.3,26.25,25.2,0.59,85.66,19.77,13.75,73.87,80.569999999999993,83.55,27.5,20.87,14.98,11.54,16.78,12.73,17.809999999999999,13.36,1.51,2.0499999999999998,2,2.39,2.25,4.3600000000000003,4.0599999999999996,54.73,9.11,7.89,1.22,..,..,..,67.89,..,..,..,NA,NA
Viet Nam,704,MICS,36532,4.54,3.78,23.44,47.26,25.52,..,..,..,..,..,72.349999999999994,80.12,83.73,29.5,22.21,15.08,11.34,17.32,12.73,18.38,13.45,1.47,2.0299999999999998,1.98,2.37,2.27,..,..,..,..,..,..,..,..,..,..,..,..,..,NA,NA
Viet Nam,704,DHS,37418,4.4000000000000004,4.3099999999999996,24,49.38,22.32,26.82,0.1,82.35,23.31,17.55,70.489999999999995,77.97,81.709999999999994,31.14,24.99,17.100000000000001,14.27,18.8,15.54,19.87,16.170000000000002,1.33,1.88,1.82,2.2200000000000002,2.27,4.3099999999999996,4.9000000000000004,54.16,7.25,6.25,1,28.87,0.49,0.04,66.3,40.01,21.76,1.05,NA,NA
Viet Nam,704,DHS,30/10/2005,4.22,4.24,29.71,46.63,19.420000000000002,27.03,0.17,83.1,23.15,16.72,66.900000000000006,76.19,79.349999999999994,31.14,23.9,16.62,12.7,18.54,14.19,19.440000000000001,14.92,1.17,1.75,1.63,2.06,2.27,4.24,6.07,49.32,8.17,6.94,1.24,31.26,0.94,0,63.56,41.4,23.23,1.51,NA,NA
Viet Nam,704,MICS,38724,4.25,4.25,26.08,50.37,19.309999999999999,24.6,0.08,84.61,20.93,15.32,62.86,73.069999999999993,77.97,32.07,25.71,16.02,12.74,18.03,14.37,19.079999999999998,15.13,1.0900000000000001,1.73,1.59,2.04,2.33,4.25,5.95,53.49,6.51,5.41,1.1000000000000001,29.54,0.26,0,65.94,46.2,22.58,1.19,NA,NA
Viet Nam,704,DYB,39820,..,7.24,35.21,43.8,13.76,..,..,..,..,..,..,..,..,..,..,..,..,..,..,..,..,..,..,..,..,..,..,..,..,..,..,..,..,..,..,..,..,..,..,NA,NA
Viet Nam,704,IPUMS,39820,3.78,7.28,36.25,43.44,13.02,27.15,1.01,84.98,19.260000000000002,14.01,57.95,66.73,71.89,25.18,19.559999999999999,10.62,8.27,12.09,9.41,12.9,9.98,0.95,1.64,1.34,1.86,2.19,7.28,8.07,49.48,8,6.9,1.1000000000000001,..,..,..,65.540000000000006,35.020000000000003,16.5,1.39,NA,NA
Viet Nam,704,MICS,40185,3.79,6.31,36.659999999999997,44.21,12.82,26.22,0.31,84.29,22.71,15.4,59.26,67.14,71.05,30.03,22.16,14.32,10.47,15.77,11.59,16.350000000000001,11.95,0.96,1.62,1.28,1.8,2.23,6.31,9.89,45.71,6.85,5.61,1.23,30.07,1.17,0,62.45,39.299999999999997,21.71,2.0299999999999998,NA,NA
Viet Nam,704,MICS,41281,3.86,6.85,35.14,43.38,14.63,26.88,0.18,81.64,26.21,18.18,57.22,64.510000000000005,68.33,33.159999999999997,24.47,15.41,11.07,16.760000000000002,12.2,17.55,12.76,0.95,1.66,1.24,1.81,2.31,6.85,10.26,42.74,6.07,5.04,1.02,33.299999999999997,0.76,0.02,59.07,44.62,24.99,2.19,NA,NA
Viet Nam,704,MICS,43837,3.44,10.52,41.58,37.51,10.38,29.72,0.64,82.4,26.07,16.96,55.78,61.3,63.52,34.1,23.95,14.85,10.09,16.11,11.08,16.45,11.35,0.94,1.69,1.1299999999999999,1.78,2,10.52,14.12,37.74,7.25,5.97,1.28,29.39,0.96,0.01,59.11,34.6,21.15,2.84,NA,NA
